scenario,sector,year,total_emissions,co2_emissions
Balanced Pathway,Agriculture,2025,47.04431879231096,7.11195142881007
Balanced Pathway,Agriculture,2026,46.55971791769261,7.023718730759533
Balanced Pathway,Agriculture,2027,44.91961444729086,6.56837380452751
Balanced Pathway,Agriculture,2028,43.08119057340664,6.107754047068191
Balanced Pathway,Agriculture,2029,41.07062128163186,5.640581135648146
Balanced Pathway,Agriculture,2030,39.2427769198489,5.176830072219891
Balanced Pathway,Agriculture,2031,37.46240643359306,4.819954797741994
Balanced Pathway,Agriculture,2032,35.79183758704355,4.463896837292482
Balanced Pathway,Agriculture,2033,34.30362690434493,4.116596727741165
Balanced Pathway,Agriculture,2034,32.97088627962682,3.77314366224367
Balanced Pathway,Agriculture,2035,31.88870113630172,3.430093892074354
Balanced Pathway,Agriculture,2036,31.30582464597946,3.116219661603278
Balanced Pathway,Agriculture,2037,30.85804840096916,2.802758170501625
Balanced Pathway,Agriculture,2038,30.32960145784595,2.489499473287159
Balanced Pathway,Agriculture,2039,29.78846069070192,2.176314463032735
Balanced Pathway,Agriculture,2040,29.24745296064348,1.863204831562803
Balanced Pathway,Agriculture,2041,28.9372814742712,1.804917014168791
Balanced Pathway,Agriculture,2042,28.52645035035353,1.74665634658448
Balanced Pathway,Agriculture,2043,28.22708686768913,1.688420161238338
Balanced Pathway,Agriculture,2044,27.92657749070909,1.630193354965281
Balanced Pathway,Agriculture,2045,27.62604337338858,1.572003315436226
Balanced Pathway,Agriculture,2046,27.37569122099639,1.562232204515042
Balanced Pathway,Agriculture,2047,27.12588924398758,1.552483057234836
Balanced Pathway,Agriculture,2048,26.87912952128276,1.54285338761824
Balanced Pathway,Agriculture,2049,26.63070678801907,1.533134803808428
Balanced Pathway,Agriculture,2050,26.38987159012214,1.524031830032308
Balanced Pathway,Aviation,2025,36.73092377300829,36.41693106698673
Balanced Pathway,Aviation,2026,35.82018879855322,35.51423624912584
Balanced Pathway,Aviation,2027,35.00742550819214,34.70893024921723
Balanced Pathway,Aviation,2028,34.00178520559492,33.71284523357664
Balanced Pathway,Aviation,2029,33.67295409587235,33.38754490125839
Balanced Pathway,Aviation,2030,33.49469016774837,33.21167610810286
Balanced Pathway,Aviation,2031,32.51765107111196,32.2445676931948
Balanced Pathway,Aviation,2032,31.98026143205675,31.71388757830032
Balanced Pathway,Aviation,2033,31.54017292637023,31.27932211828804
Balanced Pathway,Aviation,2034,31.15116485647634,30.89600687731529
Balanced Pathway,Aviation,2035,30.13455308348728,29.89100051346249
Balanced Pathway,Aviation,2036,30.04547641932908,29.80502798088056
Balanced Pathway,Aviation,2037,29.96476684818071,29.72742640000849
Balanced Pathway,Aviation,2038,29.6612303597675,29.42971764444973
Balanced Pathway,Aviation,2039,29.71971799127217,29.49097946843761
Balanced Pathway,Aviation,2040,29.53945662930248,29.31602496204097
Balanced Pathway,Aviation,2041,28.80931109424303,28.60007655299749
Balanced Pathway,Aviation,2042,27.91913517762153,27.72578687428328
Balanced Pathway,Aviation,2043,27.45474016880508,27.27373996335709
Balanced Pathway,Aviation,2044,26.90365477915237,26.73750382489026
Balanced Pathway,Aviation,2045,25.94155768732015,25.79614781431329
Balanced Pathway,Aviation,2046,25.44564450586888,25.31673961647436
Balanced Pathway,Aviation,2047,24.74520842183633,24.63621389966453
Balanced Pathway,Aviation,2048,24.16286024271848,24.07368980782465
Balanced Pathway,Aviation,2049,23.54229515901582,23.47545768393051
Balanced Pathway,Aviation,2050,22.66831879088747,22.62882756821037
Balanced Pathway,Electricity supply,2025,32.50725713374266,32.44196100652248
Balanced Pathway,Electricity supply,2026,29.83790830913824,29.77797400434832
Balanced Pathway,Electricity supply,2027,27.16855948453379,27.11398700217416
Balanced Pathway,Electricity supply,2028,24.49921065992936,24.45
Balanced Pathway,Electricity supply,2029,17.13942733489128,17.105
Balanced Pathway,Electricity supply,2030,9.77964400985319,9.759999999999998
Balanced Pathway,Electricity supply,2031,8.64235958862539,8.625
Balanced Pathway,Electricity supply,2032,7.505075167397589,7.490000000000002
Balanced Pathway,Electricity supply,2033,6.857106950897744,6.843333333333334
Balanced Pathway,Electricity supply,2034,6.209138734397911,6.196666666666665
Balanced Pathway,Electricity supply,2035,5.56117051789807,5.549999999999997
Balanced Pathway,Electricity supply,2036,5.36878407835998,5.357999999999997
Balanced Pathway,Electricity supply,2037,5.176397638821882,5.165999999999997
Balanced Pathway,Electricity supply,2038,4.984011199283785,4.973999999999997
Balanced Pathway,Electricity supply,2039,4.79162475974568,4.781999999999996
Balanced Pathway,Electricity supply,2040,4.59923832020759,4.589999999999996
Balanced Pathway,Electricity supply,2041,4.038111204888153,4.030000000000001
Balanced Pathway,Electricity supply,2042,3.476984089568695,3.469999999999999
Balanced Pathway,Electricity supply,2043,2.915856974249259,2.909999999999997
Balanced Pathway,Electricity supply,2044,2.354729858929822,2.350000000000001
Balanced Pathway,Electricity supply,2045,1.793602743610371,1.789999999999999
Balanced Pathway,Electricity supply,2046,1.635284736073807,1.631999999999998
Balanced Pathway,Electricity supply,2047,1.476966728537256,1.474000000000004
Balanced Pathway,Electricity supply,2048,1.318648721000699,1.316000000000003
Balanced Pathway,Electricity supply,2049,1.160330713464148,1.158000000000001
Balanced Pathway,Electricity supply,2050,1.002012705927584,1.0
Balanced Pathway,Engineered removals,2025,0.0,0.0
Balanced Pathway,Engineered removals,2026,0.0,0.0
Balanced Pathway,Engineered removals,2027,0.0,0.0
Balanced Pathway,Engineered removals,2028,-0.9643979340447493,-0.9643962272358325
Balanced Pathway,Engineered removals,2029,-1.755099727567336,-1.755034531118904
Balanced Pathway,Engineered removals,2030,-2.553305567448123,-2.552944004060925
Balanced Pathway,Engineered removals,2031,-4.614233585412049,-4.613503194151931
Balanced Pathway,Engineered removals,2032,-6.297660768697221,-6.296487534529224
Balanced Pathway,Engineered removals,2033,-8.255352761698886,-8.25373394149398
Balanced Pathway,Engineered removals,2034,-10.24840517657726,-10.24630940031973
Balanced Pathway,Engineered removals,2035,-12.66670305124524,-12.66412746250264
Balanced Pathway,Engineered removals,2036,-14.82453375550082,-14.82146614788943
Balanced Pathway,Engineered removals,2037,-16.96959508563053,-16.96399811099809
Balanced Pathway,Engineered removals,2038,-18.29990689101437,-18.29207108263155
Balanced Pathway,Engineered removals,2039,-19.8170002283263,-19.80908822514894
Balanced Pathway,Engineered removals,2040,-21.31847322547878,-21.31044060806678
Balanced Pathway,Engineered removals,2041,-23.3603806536363,-23.35177320474758
Balanced Pathway,Engineered removals,2042,-24.6365897578559,-24.62784971526832
Balanced Pathway,Engineered removals,2043,-25.92840776551163,-25.91953476256068
Balanced Pathway,Engineered removals,2044,-27.4088423408659,-27.39983634544062
Balanced Pathway,Engineered removals,2045,-29.2800640603729,-29.27092267490123
Balanced Pathway,Engineered removals,2046,-30.40644614566979,-30.39716987521258
Balanced Pathway,Engineered removals,2047,-31.60320549491418,-31.59379317312094
Balanced Pathway,Engineered removals,2048,-32.8418440808023,-32.8322947150661
Balanced Pathway,Engineered removals,2049,-34.26090105568282,-34.25121454280994
Balanced Pathway,Engineered removals,2050,-35.81675171465405,-35.80692529552429
Balanced Pathway,F-gases,2025,5.992184138976541,0.0
Balanced Pathway,F-gases,2026,5.49987515953573,0.0
Balanced Pathway,F-gases,2027,4.939430276864934,0.0
Balanced Pathway,F-gases,2028,4.51107631084318,0.0
Balanced Pathway,F-gases,2029,4.13114189742357,0.0
Balanced Pathway,F-gases,2030,3.788768637298551,0.0
Balanced Pathway,F-gases,2031,3.564981626836589,0.0
Balanced Pathway,F-gases,2032,3.341860597545564,0.0
Balanced Pathway,F-gases,2033,3.130882444229746,0.0
Balanced Pathway,F-gases,2034,2.929500595938861,0.0
Balanced Pathway,F-gases,2035,2.740045353486781,0.0
Balanced Pathway,F-gases,2036,2.546497147413929,0.0
Balanced Pathway,F-gases,2037,2.371738128016241,0.0
Balanced Pathway,F-gases,2038,2.216014615178136,0.0
Balanced Pathway,F-gases,2039,2.109710558104303,0.0
Balanced Pathway,F-gases,2040,2.021435159293226,0.0
Balanced Pathway,F-gases,2041,1.943580395713644,0.0
Balanced Pathway,F-gases,2042,1.873788039986223,0.0
Balanced Pathway,F-gases,2043,1.812285966634528,0.0
Balanced Pathway,F-gases,2044,1.759187260546221,0.0
Balanced Pathway,F-gases,2045,1.71566038820642,0.0
Balanced Pathway,F-gases,2046,1.680553218076918,0.0
Balanced Pathway,F-gases,2047,1.652147857014683,0.0
Balanced Pathway,F-gases,2048,1.631054494371194,0.0
Balanced Pathway,F-gases,2049,1.614990693343214,0.0
Balanced Pathway,F-gases,2050,1.602843390548949,0.0
Balanced Pathway,Fuel supply,2025,27.38747012737875,22.59817992266423
Balanced Pathway,Fuel supply,2026,25.16648704307143,20.82915228084262
Balanced Pathway,Fuel supply,2027,23.01763770239653,19.14479101421117
Balanced Pathway,Fuel supply,2028,20.87698658985336,17.46494003722643
Balanced Pathway,Fuel supply,2029,19.28414904885196,16.2750569090857
Balanced Pathway,Fuel supply,2030,15.80542828851179,13.11973689023091
Balanced Pathway,Fuel supply,2031,13.44520241636156,11.23746086629469
Balanced Pathway,Fuel supply,2032,12.0732878424896,10.28669325029012
Balanced Pathway,Fuel supply,2033,10.6249385399822,9.53553054420893
Balanced Pathway,Fuel supply,2034,9.533346789815631,8.506710417294821
Balanced Pathway,Fuel supply,2035,8.45633311843103,7.494739780104743
Balanced Pathway,Fuel supply,2036,7.322121708635922,6.44233637606907
Balanced Pathway,Fuel supply,2037,7.045261109333568,6.195853112382558
Balanced Pathway,Fuel supply,2038,6.823254729517927,5.997159447968663
Balanced Pathway,Fuel supply,2039,6.369882574214284,5.608531899918697
Balanced Pathway,Fuel supply,2040,5.363394850837672,4.62133337019354
Balanced Pathway,Fuel supply,2041,4.078775023522082,3.426209664177337
Balanced Pathway,Fuel supply,2042,3.049099782587264,2.456670775565549
Balanced Pathway,Fuel supply,2043,2.608487187200478,2.046642555176817
Balanced Pathway,Fuel supply,2044,2.542236191196464,1.993921796660072
Balanced Pathway,Fuel supply,2045,2.491828557028061,1.956688704060808
Balanced Pathway,Fuel supply,2046,2.420913277400111,1.897968948523257
Balanced Pathway,Fuel supply,2047,2.336622068142592,1.828921617757544
Balanced Pathway,Fuel supply,2048,1.855481678435615,1.381534289237042
Balanced Pathway,Fuel supply,2049,1.817273445201907,1.355496188309683
Balanced Pathway,Fuel supply,2050,1.572498303812182,1.133307666550259
Balanced Pathway,Industry,2025,44.58577948677008,44.05894839030271
Balanced Pathway,Industry,2026,41.76215491141179,41.25758933951977
Balanced Pathway,Industry,2027,39.70567192073906,39.23765240655013
Balanced Pathway,Industry,2028,37.26010561856675,36.83431447995322
Balanced Pathway,Industry,2029,34.19785316556313,33.81117841957851
Balanced Pathway,Industry,2030,31.43245031291405,31.07353635510041
Balanced Pathway,Industry,2031,28.69997029599952,28.36819676278073
Balanced Pathway,Industry,2032,26.59501095792233,26.28617230178295
Balanced Pathway,Industry,2033,24.84076273628184,24.55131752501302
Balanced Pathway,Industry,2034,22.94586216257986,22.67464332054091
Balanced Pathway,Industry,2035,21.14735223607432,20.89904650039935
Balanced Pathway,Industry,2036,19.27633788073949,19.05109559649581
Balanced Pathway,Industry,2037,15.7653474545877,15.59620736142275
Balanced Pathway,Industry,2038,12.9384589438616,12.80140603563029
Balanced Pathway,Industry,2039,12.08381263593697,11.95654097216175
Balanced Pathway,Industry,2040,11.15047714637436,11.03178833357156
Balanced Pathway,Industry,2041,9.187758972035972,9.083599662502756
Balanced Pathway,Industry,2042,8.161045397245623,8.068761566542541
Balanced Pathway,Industry,2043,7.122371590722622,7.040473951764909
Balanced Pathway,Industry,2044,6.340010755308043,6.266324996154999
Balanced Pathway,Industry,2045,5.598491109906249,5.532365132638375
Balanced Pathway,Industry,2046,4.791837461554515,4.731966528251405
Balanced Pathway,Industry,2047,4.383266305448885,4.329026897175616
Balanced Pathway,Industry,2048,3.977737419529227,3.929071887534263
Balanced Pathway,Industry,2049,3.774533739035476,3.72590477210364
Balanced Pathway,Industry,2050,3.565474949937183,3.516870745882208
Balanced Pathway,Land use,2025,1.043563953913599,-5.986300305770484
Balanced Pathway,Land use,2026,1.128506669116694,-5.915584870611696
Balanced Pathway,Land use,2027,1.19417048526705,-5.873227754541899
Balanced Pathway,Land use,2028,1.197875578123017,-5.907714631753738
Balanced Pathway,Land use,2029,1.140368269408348,-6.023101956475211
Balanced Pathway,Land use,2030,1.320406831591855,-5.9162207760659
Balanced Pathway,Land use,2031,1.488189431423379,-5.82217205918267
Balanced Pathway,Land use,2032,1.592811173386638,-5.789863130818595
Balanced Pathway,Land use,2033,1.549485759884732,-5.909576445198197
Balanced Pathway,Land use,2034,1.469967558073907,-6.065149883643079
Balanced Pathway,Land use,2035,1.239961409916511,-6.378357291319705
Balanced Pathway,Land use,2036,0.9286158889959726,-6.772708694345841
Balanced Pathway,Land use,2037,0.375335399397434,-7.408635572901021
Balanced Pathway,Land use,2038,-0.2584983062833404,-8.127066065501326
Balanced Pathway,Land use,2039,-0.8836702035104498,-8.836028171163125
Balanced Pathway,Land use,2040,-1.866795120989999,-9.903566684148789
Balanced Pathway,Land use,2041,-3.018437153170593,-11.14140564969515
Balanced Pathway,Land use,2042,-4.636490421873241,-12.84604495543824
Balanced Pathway,Land use,2043,-6.388267815316084,-14.67466354908552
Balanced Pathway,Land use,2044,-8.492141143497866,-16.85549811770039
Balanced Pathway,Land use,2045,-10.94438372816305,-19.38483975394588
Balanced Pathway,Land use,2046,-13.67162541520068,-22.18930109017271
Balanced Pathway,Land use,2047,-17.05031448201614,-25.64524505273542
Balanced Pathway,Land use,2048,-20.76864103890831,-29.44097178886034
Balanced Pathway,Land use,2049,-25.0058632157695,-33.75573402707354
Balanced Pathway,Land use,2050,-29.89214684268623,-38.72043982958797
Balanced Pathway,Non-residential buildings,2025,21.48094350551649,20.93031759077158
Balanced Pathway,Non-residential buildings,2026,21.03469139056734,20.50657767216018
Balanced Pathway,Non-residential buildings,2027,20.02052483095979,19.51626599445804
Balanced Pathway,Non-residential buildings,2028,18.73096122570153,18.25117602877895
Balanced Pathway,Non-residential buildings,2029,16.97337652872401,16.5192096040142
Balanced Pathway,Non-residential buildings,2030,14.85002721082798,14.42239160183624
Balanced Pathway,Non-residential buildings,2031,12.48073574073795,12.08017580175902
Balanced Pathway,Non-residential buildings,2032,10.06556319120157,9.69219091831405
Balanced Pathway,Non-residential buildings,2033,8.764321528167077,8.393811743608243
Balanced Pathway,Non-residential buildings,2034,7.481016460676091,7.11335695218026
Balanced Pathway,Non-residential buildings,2035,6.282716531422459,5.917666811285041
Balanced Pathway,Non-residential buildings,2036,5.159198068312055,4.796626456487367
Balanced Pathway,Non-residential buildings,2037,4.27037104956857,3.90978145591253
Balanced Pathway,Non-residential buildings,2038,3.485258991400414,3.126491551936972
Balanced Pathway,Non-residential buildings,2039,3.084616988100539,2.72679691543858
Balanced Pathway,Non-residential buildings,2040,2.725601300192903,2.368643462764002
Balanced Pathway,Non-residential buildings,2041,2.396757380530644,2.040555575874411
Balanced Pathway,Non-residential buildings,2042,2.067090181027371,1.711647367092855
Balanced Pathway,Non-residential buildings,2043,1.746316238018863,1.391615941019971
Balanced Pathway,Non-residential buildings,2044,1.476348854334784,1.122256190129736
Balanced Pathway,Non-residential buildings,2045,1.279033701672574,0.9253317447441276
Balanced Pathway,Non-residential buildings,2046,1.120805234918819,0.7674167274312858
Balanced Pathway,Non-residential buildings,2047,1.011634804286018,0.6583218726420945
Balanced Pathway,Non-residential buildings,2048,0.9075284666133356,0.5542677852958313
Balanced Pathway,Non-residential buildings,2049,0.8037869376549374,0.450578129593147
Balanced Pathway,Non-residential buildings,2050,0.7004053523506215,0.3472480889643137
Balanced Pathway,Residential buildings,2025,58.5240889183741,58.20166049324759
Balanced Pathway,Residential buildings,2026,57.98458224680134,57.66610039019094
Balanced Pathway,Residential buildings,2027,57.15107814219932,56.83818782107127
Balanced Pathway,Residential buildings,2028,55.93586092142086,55.63050868502988
Balanced Pathway,Residential buildings,2029,54.2924898631173,53.99681897494196
Balanced Pathway,Residential buildings,2030,51.42126673480849,51.13785729889037
Balanced Pathway,Residential buildings,2031,49.00569939624606,48.7355242351255
Balanced Pathway,Residential buildings,2032,46.23426386203682,45.97987180061966
Balanced Pathway,Residential buildings,2033,42.7130025135034,42.47869029775158
Balanced Pathway,Residential buildings,2034,38.97592463943404,38.76265660605524
Balanced Pathway,Residential buildings,2035,35.20489306077141,35.0127734428067
Balanced Pathway,Residential buildings,2036,31.61538719462249,31.44304549947731
Balanced Pathway,Residential buildings,2037,28.00675353664828,27.85406767877137
Balanced Pathway,Residential buildings,2038,24.45162733027485,24.32320048192673
Balanced Pathway,Residential buildings,2039,20.97904618532416,20.86889518599609
Balanced Pathway,Residential buildings,2040,17.72798521853146,17.63451744736771
Balanced Pathway,Residential buildings,2041,14.59821511346929,14.52088061890782
Balanced Pathway,Residential buildings,2042,11.69248442549016,11.63045295653242
Balanced Pathway,Residential buildings,2043,9.046997366848352,9.00513775878607
Balanced Pathway,Residential buildings,2044,6.604867530007319,6.576156311702107
Balanced Pathway,Residential buildings,2045,4.460749976615759,4.443415879831534
Balanced Pathway,Residential buildings,2046,2.680610703537369,2.672472670252603
Balanced Pathway,Residential buildings,2047,1.417459740469155,1.415444980350628
Balanced Pathway,Residential buildings,2048,0.8712820528422185,0.8711932960115263
Balanced Pathway,Residential buildings,2049,0.6201961543040113,0.620420166749156
Balanced Pathway,Residential buildings,2050,0.4111569279923231,0.4116114932397892
Balanced Pathway,Shipping,2025,14.17867187047149,13.95854738457046
Balanced Pathway,Shipping,2026,13.49385210194621,13.2988428663274
Balanced Pathway,Shipping,2027,12.43295384417785,12.26411915259035
Balanced Pathway,Shipping,2028,11.19846837672712,11.05738340511227
Balanced Pathway,Shipping,2029,10.45910930499078,10.33403584368388
Balanced Pathway,Shipping,2030,9.793091603818015,9.675640908924745
Balanced Pathway,Shipping,2031,9.251667698036576,9.137865282878746
Balanced Pathway,Shipping,2032,8.851331144139836,8.737938140996718
Balanced Pathway,Shipping,2033,8.392506263851535,8.27818437151288
Balanced Pathway,Shipping,2034,8.018871489497007,7.904738387289141
Balanced Pathway,Shipping,2035,7.683547924827446,7.569910732210096
Balanced Pathway,Shipping,2036,7.419830544702868,7.304606355556701
Balanced Pathway,Shipping,2037,6.991919770897538,6.86972735037208
Balanced Pathway,Shipping,2038,6.482370687855326,6.356438453501125
Balanced Pathway,Shipping,2039,5.91590189090523,5.785576144015987
Balanced Pathway,Shipping,2040,5.357524310740452,5.22326588269911
Balanced Pathway,Shipping,2041,4.452904151685464,4.309178845348436
Balanced Pathway,Shipping,2042,3.708481488475011,3.56222983868386
Balanced Pathway,Shipping,2043,3.222989355627085,3.071529685538586
Balanced Pathway,Shipping,2044,2.755529969950803,2.598762333567439
Balanced Pathway,Shipping,2045,2.148201498536892,1.98622615834768
Balanced Pathway,Shipping,2046,1.786840333672265,1.624403713874448
Balanced Pathway,Shipping,2047,1.467677517609701,1.303778043894438
Balanced Pathway,Shipping,2048,1.110943377478069,0.9450707119199677
Balanced Pathway,Shipping,2049,0.6707008138830837,0.5023113474026246
Balanced Pathway,Shipping,2050,0.5074981326718486,0.3382407750720269
Balanced Pathway,Surface transport,2025,99.12272664305519,98.25403855675562
Balanced Pathway,Surface transport,2026,94.00545196720526,93.18324933151627
Balanced Pathway,Surface transport,2027,88.46829694145109,87.692118829643
Balanced Pathway,Surface transport,2028,81.9631670476133,81.24051515232904
Balanced Pathway,Surface transport,2029,75.54235046364245,74.87020128594503
Balanced Pathway,Surface transport,2030,68.55089525927193,67.93090887662072
Balanced Pathway,Surface transport,2031,62.00366564071578,61.43432616860417
Balanced Pathway,Surface transport,2032,55.49538901005911,54.97921156162987
Balanced Pathway,Surface transport,2033,49.35226948036563,48.88829574478177
Balanced Pathway,Surface transport,2034,43.29431972460326,42.88441284920134
Balanced Pathway,Surface transport,2035,36.9826117147182,36.62787683374223
Balanced Pathway,Surface transport,2036,31.70591627163367,31.40105788566954
Balanced Pathway,Surface transport,2037,26.91955426062552,26.66063915889774
Balanced Pathway,Surface transport,2038,22.56536583866087,22.34890270709492
Balanced Pathway,Surface transport,2039,18.61995627199961,18.44222160728471
Balanced Pathway,Surface transport,2040,14.86378564829454,14.72182848513786
Balanced Pathway,Surface transport,2041,11.69090865447991,11.57930543734517
Balanced Pathway,Surface transport,2042,9.037940995623742,8.951534692161857
Balanced Pathway,Surface transport,2043,6.870212520242049,6.804186723328982
Balanced Pathway,Surface transport,2044,5.149414108151774,5.099362380047054
Balanced Pathway,Surface transport,2045,3.820839623560758,3.782803243875009
Balanced Pathway,Surface transport,2046,2.834962923360678,2.805657916263755
Balanced Pathway,Surface transport,2047,2.130571272650968,2.107463740688843
Balanced Pathway,Surface transport,2048,1.63534027428399,1.616550287951554
Balanced Pathway,Surface transport,2049,1.294459934736096,1.278532401102467
Balanced Pathway,Surface transport,2050,1.07020023620143,1.056053934053608
Balanced Pathway,Waste,2025,25.32140481112689,8.28428585323163
Balanced Pathway,Waste,2026,23.70253960752865,7.421423722286583
Balanced Pathway,Waste,2027,22.86315407821147,7.242884010533068
Balanced Pathway,Waste,2028,22.71972620153382,8.34650218842413
Balanced Pathway,Waste,2029,20.71093300555506,7.440312089433697
Balanced Pathway,Waste,2030,18.83093084205017,6.598626874260566
Balanced Pathway,Waste,2031,17.1060371808709,5.791227821665356
Balanced Pathway,Waste,2032,15.81193494125897,5.324758793722572
Balanced Pathway,Waste,2033,14.58405450088382,4.860257143226464
Balanced Pathway,Waste,2034,13.42138511020269,4.385174643725231
Balanced Pathway,Waste,2035,12.34112146928858,3.911348366319173
Balanced Pathway,Waste,2036,11.46842344869136,3.559741515277846
Balanced Pathway,Waste,2037,10.56205512968597,3.125101434058147
Balanced Pathway,Waste,2038,9.739956317994757,2.731036160578306
Balanced Pathway,Waste,2039,9.011995261580331,2.388331039643924
Balanced Pathway,Waste,2040,8.29193154680901,2.023373001386288
Balanced Pathway,Waste,2041,7.532100384548066,1.533001719832001
Balanced Pathway,Waste,2042,7.043958607487259,1.291182014657386
Balanced Pathway,Waste,2043,6.576414582297382,1.045565370786548
Balanced Pathway,Waste,2044,6.159504533676234,0.8236363368538715
Balanced Pathway,Waste,2045,5.815978264232484,0.6623701198819845
Balanced Pathway,Waste,2046,5.635193812130407,0.6650470609482078
Balanced Pathway,Waste,2047,5.482445508905908,0.6687441628999586
Balanced Pathway,Waste,2048,5.348066189216965,0.6720804972772694
Balanced Pathway,Waste,2049,5.232523998514509,0.6760303180069602
Balanced Pathway,Waste,2050,5.111528051034504,0.680372516839773
Baseline,Agriculture,2025,47.89254549713133,7.34685336301077
Baseline,Agriculture,2026,47.95065345385853,7.355201357084139
Baseline,Agriculture,2027,48.04563281491899,7.368518247071536
Baseline,Agriculture,2028,48.10453393888744,7.376867003695951
Baseline,Agriculture,2029,48.14795472553099,7.383407391400372
Baseline,Agriculture,2030,48.16476465718268,7.386676890461371
Baseline,Agriculture,2031,48.16469150700116,7.38773324028894
Baseline,Agriculture,2032,48.14288903153015,7.386110702284382
Baseline,Agriculture,2033,48.16058285142336,7.38828833465962
Baseline,Agriculture,2034,48.17836514041603,7.390476855196732
Baseline,Agriculture,2035,48.19250687054407,7.392217321051734
Baseline,Agriculture,2036,48.19250687054407,7.392217321051734
Baseline,Agriculture,2037,48.19250687054407,7.392217321051734
Baseline,Agriculture,2038,48.19250687054407,7.392217321051734
Baseline,Agriculture,2039,48.19250687054407,7.392217321051734
Baseline,Agriculture,2040,48.19250687054407,7.392217321051734
Baseline,Agriculture,2041,48.19250687054407,7.392217321051734
Baseline,Agriculture,2042,48.19250687054407,7.392217321051734
Baseline,Agriculture,2043,48.19250687054407,7.392217321051734
Baseline,Agriculture,2044,48.19250687054407,7.392217321051734
Baseline,Agriculture,2045,48.19250687054407,7.392217321051734
Baseline,Agriculture,2046,48.19250687054407,7.392217321051734
Baseline,Agriculture,2047,48.19250687054407,7.392217321051734
Baseline,Agriculture,2048,48.19250687054407,7.392217321051734
Baseline,Agriculture,2049,48.19250687054407,7.392217321051734
Baseline,Agriculture,2050,48.19250687054407,7.392217321051734
Baseline,Aviation,2025,37.20812025864166,36.89004825681815
Baseline,Aviation,2026,37.81280410044006,37.48964287095919
Baseline,Aviation,2027,38.44962803311726,38.12109541971996
Baseline,Aviation,2028,39.00391004322806,38.67070600121736
Baseline,Aviation,2029,39.90082871923806,39.56002139755265
Baseline,Aviation,2030,40.95146447020915,40.60178024657868
Baseline,Aviation,2031,41.46241826687169,41.10842201200552
Baseline,Aviation,2032,42.26387852967315,41.90311360263043
Baseline,Aviation,2033,42.61349598315741,42.24977705330915
Baseline,Aviation,2034,43.36310833587503,42.99303469944889
Baseline,Aviation,2035,43.78634518581054,43.41269417505229
Baseline,Aviation,2036,44.39111834401274,44.01235078919219
Baseline,Aviation,2037,44.97049604802649,44.58683335459031
Baseline,Aviation,2038,45.80307064136927,45.41237478434402
Baseline,Aviation,2039,46.82598365828004,46.42664155243746
Baseline,Aviation,2040,47.49112309796995,47.08616211549654
Baseline,Aviation,2041,48.11700138956012,47.70675051815499
Baseline,Aviation,2042,48.77355590873692,48.35774442578077
Baseline,Aviation,2043,49.44939959186013,49.02788059689352
Baseline,Aviation,2044,50.25369254035824,49.82536998064427
Baseline,Aviation,2045,51.08067807583563,50.64535533938114
Baseline,Aviation,2046,51.82963568196198,51.38797865126969
Baseline,Aviation,2047,52.43741192511636,51.99060945141296
Baseline,Aviation,2048,53.0308708986261,52.57904561802831
Baseline,Aviation,2049,53.7286824127882,53.27092391994832
Baseline,Aviation,2050,54.36882351895008,53.90564629341601
Baseline,Electricity supply,2025,32.42709611726846,32.36196100652248
Baseline,Electricity supply,2026,34.70769005994628,34.63797400434832
Baseline,Electricity supply,2027,36.98828400262408,36.91398700217415
Baseline,Electricity supply,2028,39.2688779453019,39.19
Baseline,Electricity supply,2029,38.00634193583316,37.93
Baseline,Electricity supply,2030,36.7438059263644,36.67
Baseline,Electricity supply,2031,35.40110890042144,35.33
Baseline,Electricity supply,2032,34.05841187447849,33.99
Baseline,Electricity supply,2033,36.30626037810936,36.23333333333333
Baseline,Electricity supply,2034,38.55410888174023,38.47666666666667
Baseline,Electricity supply,2035,40.8019573853711,40.72
Baseline,Electricity supply,2036,42.11860208095995,42.034
Baseline,Electricity supply,2037,43.43524677654879,43.348
Baseline,Electricity supply,2038,44.75189147213762,44.662
Baseline,Electricity supply,2039,46.06853616772646,45.976
Baseline,Electricity supply,2040,47.38518086331531,47.29
Baseline,Electricity supply,2041,48.56154378007429,48.464
Baseline,Electricity supply,2042,49.73790669683326,49.638
Baseline,Electricity supply,2043,50.91426961359225,50.812
Baseline,Electricity supply,2044,52.09063253035124,51.986
Baseline,Electricity supply,2045,53.26699544711021,53.16
Baseline,Electricity supply,2046,53.85417489278377,53.746
Baseline,Electricity supply,2047,54.44135433845733,54.33199999999999
Baseline,Electricity supply,2048,55.02853378413089,54.91799999999999
Baseline,Electricity supply,2049,55.61571322980446,55.50399999999999
Baseline,Electricity supply,2050,56.20289267547803,56.09
Baseline,Engineered removals,2025,0.0,0.0
Baseline,Engineered removals,2026,0.0,0.0
Baseline,Engineered removals,2027,0.0,0.0
Baseline,Engineered removals,2028,0.0,0.0
Baseline,Engineered removals,2029,0.0,0.0
Baseline,Engineered removals,2030,0.0,0.0
Baseline,Engineered removals,2031,0.0,0.0
Baseline,Engineered removals,2032,0.0,0.0
Baseline,Engineered removals,2033,0.0,0.0
Baseline,Engineered removals,2034,0.0,0.0
Baseline,Engineered removals,2035,0.0,0.0
Baseline,Engineered removals,2036,0.0,0.0
Baseline,Engineered removals,2037,0.0,0.0
Baseline,Engineered removals,2038,0.0,0.0
Baseline,Engineered removals,2039,0.0,0.0
Baseline,Engineered removals,2040,0.0,0.0
Baseline,Engineered removals,2041,0.0,0.0
Baseline,Engineered removals,2042,0.0,0.0
Baseline,Engineered removals,2043,0.0,0.0
Baseline,Engineered removals,2044,0.0,0.0
Baseline,Engineered removals,2045,0.0,0.0
Baseline,Engineered removals,2046,0.0,0.0
Baseline,Engineered removals,2047,0.0,0.0
Baseline,Engineered removals,2048,0.0,0.0
Baseline,Engineered removals,2049,0.0,0.0
Baseline,Engineered removals,2050,0.0,0.0
Baseline,F-gases,2025,6.907625882018583,0.0
Baseline,F-gases,2026,6.737564479778907,0.0
Baseline,F-gases,2027,6.571370028879424,0.0
Baseline,F-gases,2028,6.398874445898471,0.0
Baseline,F-gases,2029,6.236398041888959,0.0
Baseline,F-gases,2030,6.101787125353868,0.0
Baseline,F-gases,2031,5.984404909441803,0.0
Baseline,F-gases,2032,5.879491610791209,0.0
Baseline,F-gases,2033,5.790362748444389,0.0
Baseline,F-gases,2034,5.71409963716658,0.0
Baseline,F-gases,2035,5.651890420293388,0.0
Baseline,F-gases,2036,5.583620243354279,0.0
Baseline,F-gases,2037,5.535559964697191,0.0
Baseline,F-gases,2038,5.50947320566668,0.0
Baseline,F-gases,2039,5.524434021725445,0.0
Baseline,F-gases,2040,5.555021832322085,0.0
Baseline,F-gases,2041,5.564087040378983,0.0
Baseline,F-gases,2042,5.579042513084756,0.0
Baseline,F-gases,2043,5.599778719094743,0.0
Baseline,F-gases,2044,5.625070387548295,0.0
Baseline,F-gases,2045,5.654010987808809,0.0
Baseline,F-gases,2046,5.684369794417043,0.0
Baseline,F-gases,2047,5.713690404056125,0.0
Baseline,F-gases,2048,5.741899587627193,0.0
Baseline,F-gases,2049,5.766886947977608,0.0
Baseline,F-gases,2050,5.789625753123303,0.0
Baseline,Fuel supply,2025,28.71845538836828,23.75962838060632
Baseline,Fuel supply,2026,27.7112974004591,22.89335172097621
Baseline,Fuel supply,2027,26.91354380745143,22.34430226633337
Baseline,Fuel supply,2028,26.15661196310518,21.68348110561604
Baseline,Fuel supply,2029,25.48028266008833,21.05337477698076
Baseline,Fuel supply,2030,24.44708822270411,20.11012166237856
Baseline,Fuel supply,2031,23.16272663947583,19.0710138424204
Baseline,Fuel supply,2032,22.66393307460224,18.59821112364667
Baseline,Fuel supply,2033,21.75526918673518,17.798998723035
Baseline,Fuel supply,2034,20.74201179251426,17.01848137064306
Baseline,Fuel supply,2035,19.72926573318468,16.23847535314247
Baseline,Fuel supply,2036,18.70027700216771,15.44222666395449
Baseline,Fuel supply,2037,18.3316511521604,15.19512757050155
Baseline,Fuel supply,2038,17.87415712863334,14.77486288359815
Baseline,Fuel supply,2039,16.99117361901359,14.09253057814417
Baseline,Fuel supply,2040,16.72040945658549,13.83471633248271
Baseline,Fuel supply,2041,14.89781957583462,12.21468377131191
Baseline,Fuel supply,2042,13.56620621948158,11.02400937122475
Baseline,Fuel supply,2043,13.00146811575924,10.55104048051733
Baseline,Fuel supply,2044,12.88215595476957,10.49506710359561
Baseline,Fuel supply,2045,12.76591026098099,10.44263227132102
Baseline,Fuel supply,2046,12.68206907294384,10.42081205656007
Baseline,Fuel supply,2047,12.52731056617439,10.33488723325816
Baseline,Fuel supply,2048,11.90031391041828,9.805972280070158
Baseline,Fuel supply,2049,11.82407265530474,9.791791783359473
Baseline,Fuel supply,2050,11.48558388429554,9.53277099279518
Baseline,Industry,2025,48.56130268549619,47.9498741944761
Baseline,Industry,2026,48.34216577008026,47.73772548080697
Baseline,Industry,2027,47.86345185665143,47.26770985123311
Baseline,Industry,2028,47.54731754404281,46.95831395870278
Baseline,Industry,2029,47.24769285880807,46.66537868037482
Baseline,Industry,2030,47.17480002001643,46.59557164188377
Baseline,Industry,2031,47.17524265629,46.59811735340222
Baseline,Industry,2032,47.47948099303322,46.90019089080185
Baseline,Industry,2033,47.72339754627411,47.14263448435177
Baseline,Industry,2034,48.11969830327752,47.53531675170849
Baseline,Industry,2035,48.4307898651053,47.84387893434831
Baseline,Industry,2036,48.82274753353555,48.23211810786413
Baseline,Industry,2037,49.39590134531542,48.79900156110938
Baseline,Industry,2038,49.98624025469333,49.38274486122484
Baseline,Industry,2039,50.27358778052705,49.66752309041344
Baseline,Industry,2040,50.78807155541913,50.17623784516713
Baseline,Industry,2041,51.27927667332975,50.66187831069789
Baseline,Industry,2042,51.79454478591593,51.17113668030569
Baseline,Industry,2043,52.31334454499039,51.68388050288863
Baseline,Industry,2044,52.83358625751006,52.19804860708178
Baseline,Industry,2045,53.35528468436907,52.71365695883942
Baseline,Industry,2046,53.88548676830388,53.23765845157638
Baseline,Industry,2047,54.42222642750749,53.76811255319306
Baseline,Industry,2048,54.9648977998372,54.30442137433587
Baseline,Industry,2049,55.50910651494859,54.84224979904741
Baseline,Industry,2050,56.05550945793193,55.38224690393034
Baseline,Land use,2025,1.714861769322827,-5.310800688039251
Baseline,Land use,2026,2.13626551073149,-4.892640741738046
Baseline,Land use,2027,2.581184211077895,-4.449695131730959
Baseline,Land use,2028,3.023310581634903,-4.009995968006354
Baseline,Land use,2029,3.491889228675952,-3.545525132595347
Baseline,Land use,2030,3.959338512364017,-3.082011610785144
Baseline,Land use,2031,4.425879413703698,-2.616703451274593
Baseline,Land use,2032,4.861849243795993,-2.180545293662319
Baseline,Land use,2033,5.227104581332219,-1.815438907891476
Baseline,Land use,2034,5.596351277613264,-1.446008499132173
Baseline,Land use,2035,5.905554299322394,-1.138534856639552
Baseline,Land use,2036,6.165108565599693,-0.8805145921651296
Baseline,Land use,2037,6.313425847364021,-0.7333718190547178
Baseline,Land use,2038,6.317488557771591,-0.7324340152639555
Baseline,Land use,2039,6.283745539431189,-0.768473363299031
Baseline,Land use,2040,5.986252525269001,-1.067327598215529
Baseline,Land use,2041,5.632602955030515,-1.423160624815998
Baseline,Land use,2042,4.982764316469596,-2.075506857637722
Baseline,Land use,2043,4.251304772955779,-2.809953951342063
Baseline,Land use,2044,3.297575143968123,-3.766329718887456
Baseline,Land use,2045,2.353474913805973,-4.713213898754562
Baseline,Land use,2046,1.05213473822904,-6.017458621645344
Baseline,Land use,2047,-0.14828018968968,-7.220813343435964
Baseline,Land use,2048,-1.839538039138851,-8.915156270242543
Baseline,Land use,2049,-3.338872889240387,-10.41771607982074
Baseline,Land use,2050,-5.269984370663504,-12.35218707336758
Baseline,Non-residential buildings,2025,21.90023985921468,21.27621048032516
Baseline,Non-residential buildings,2026,22.12229833113034,21.4954245150379
Baseline,Non-residential buildings,2027,22.40604535092159,21.77632621751279
Baseline,Non-residential buildings,2028,22.71339802922451,22.08083387017816
Baseline,Non-residential buildings,2029,22.90278549376341,22.26785320925336
Baseline,Non-residential buildings,2030,23.0194733861697,22.38249285158506
Baseline,Non-residential buildings,2031,23.17501085590504,22.53591986223419
Baseline,Non-residential buildings,2032,23.28647676160179,22.64549142532812
Baseline,Non-residential buildings,2033,23.41409474339001,22.77122094989678
Baseline,Non-residential buildings,2034,23.53651274175959,22.89182601776813
Baseline,Non-residential buildings,2035,23.72027767943245,23.07361558920802
Baseline,Non-residential buildings,2036,23.88620479344101,23.23765946247632
Baseline,Non-residential buildings,2037,24.07907321510215,23.42855886491615
Baseline,Non-residential buildings,2038,24.22787569818537,23.57554520071908
Baseline,Non-residential buildings,2039,24.35867539694353,23.70458830688095
Baseline,Non-residential buildings,2040,24.46771855264032,23.81194061872607
Baseline,Non-residential buildings,2041,24.61813359589242,23.96051970936736
Baseline,Non-residential buildings,2042,24.76854727607705,24.10909880000865
Baseline,Non-residential buildings,2043,24.91895641804882,24.25767789064993
Baseline,Non-residential buildings,2044,25.0693561789092,24.40625698129121
Baseline,Non-residential buildings,2045,25.21973163707845,24.5548360719325
Baseline,Non-residential buildings,2046,25.37006771863401,24.70341516257378
Baseline,Non-residential buildings,2047,25.5203552830058,24.85199425321507
Baseline,Non-residential buildings,2048,25.67058451610806,25.00057334385636
Baseline,Non-residential buildings,2049,25.82074594863092,25.14915243449764
Baseline,Non-residential buildings,2050,25.97083213982962,25.29773152513893
Baseline,Residential buildings,2025,64.88795272835118,64.53512255898798
Baseline,Residential buildings,2026,65.10452663788516,64.75167239889502
Baseline,Residential buildings,2027,65.3281877757582,64.9753067953155
Baseline,Residential buildings,2028,65.55508035884549,65.20216719951847
Baseline,Residential buildings,2029,65.7902710545334,65.43728668949053
Baseline,Residential buildings,2030,66.02354322901408,65.67050846874636
Baseline,Residential buildings,2031,66.26012095101821,65.90703680339203
Baseline,Residential buildings,2032,66.4964178283152,66.14328628510233
Baseline,Residential buildings,2033,66.73243302514312,66.37925409158527
Baseline,Residential buildings,2034,66.97296057335952,66.61970926038349
Baseline,Residential buildings,2035,67.20775321896176,66.85446031779247
Baseline,Residential buildings,2036,67.44232866939852,67.08900373709099
Baseline,Residential buildings,2037,67.67720239852684,67.32384377671957
Baseline,Residential buildings,2038,67.90665774955345,67.55851461976562
Baseline,Residential buildings,2039,68.14597467660623,67.79779083551341
Baseline,Residential buildings,2040,68.38033306124761,68.03213683018576
Baseline,Residential buildings,2041,68.75386316237284,68.40488685415346
Baseline,Residential buildings,2042,69.12724108955666,68.77748500876567
Baseline,Residential buildings,2043,69.4945495180832,69.14993525282426
Baseline,Residential buildings,2044,69.86695387108567,69.52157222218281
Baseline,Residential buildings,2045,70.23916537595147,69.89306879519344
Baseline,Residential buildings,2046,70.6112867707231,70.2644285386141
Baseline,Residential buildings,2047,70.98327509237835,70.6356548993997
Baseline,Residential buildings,2048,71.35513367974008,71.0067512096902
Baseline,Residential buildings,2049,71.72686576133646,71.37772069155169
Baseline,Residential buildings,2050,72.09847445991804,71.74856646148432
Baseline,Shipping,2025,14.28076345609222,14.05846567870117
Baseline,Shipping,2026,14.26953694657464,14.04657567637543
Baseline,Shipping,2027,14.13455809904922,13.91191532049824
Baseline,Shipping,2028,14.06025954731142,13.83725221109325
Baseline,Shipping,2029,13.99041485391465,13.76703435850219
Baseline,Shipping,2030,13.94027096753664,13.71576586761621
Baseline,Shipping,2031,13.91837547555929,13.69201912142438
Baseline,Shipping,2032,13.97029413371901,13.74169032411362
Baseline,Shipping,2033,14.05445334729565,13.82294599567003
Baseline,Shipping,2034,14.2125280904115,13.97856882059665
Baseline,Shipping,2035,14.39363625521294,14.15832910396849
Baseline,Shipping,2036,14.61962037346552,14.38318013251965
Baseline,Shipping,2037,14.87778905849764,14.6396571075381
Baseline,Shipping,2038,15.11361748220363,14.87479831367986
Baseline,Shipping,2039,15.30107391592775,15.06095812002897
Baseline,Shipping,2040,15.47339625145983,15.23178844196392
Baseline,Shipping,2041,15.69091832480362,15.44795486029475
Baseline,Shipping,2042,15.89938487773908,15.65605396201
Baseline,Shipping,2043,16.23766494056003,15.99304368805536
Baseline,Shipping,2044,16.58176017667439,16.33572945433574
Baseline,Shipping,2045,16.92204814515432,16.67451797068208
Baseline,Shipping,2046,17.22650346432421,16.97706053390844
Baseline,Shipping,2047,17.49995398871424,17.24827180599391
Baseline,Shipping,2048,17.63877196261635,17.38566967151266
Baseline,Shipping,2049,17.78307697316167,17.52842704282573
Baseline,Shipping,2050,17.89469906743168,17.63907247798766
Baseline,Surface transport,2025,104.0353602736231,103.1251187115227
Baseline,Surface transport,2026,104.2918833562252,103.3809015116048
Baseline,Surface transport,2027,104.6800794729278,103.7669839879199
Baseline,Surface transport,2028,105.1447438270158,104.2287097098475
Baseline,Surface transport,2029,105.6951768185028,104.7753206918142
Baseline,Surface transport,2030,106.5236063513022,105.5973516992819
Baseline,Surface transport,2031,107.2863212228153,106.3540591020121
Baseline,Surface transport,2032,108.0572686031908,107.1190387420153
Baseline,Surface transport,2033,108.8376122326786,107.8933777124639
Baseline,Surface transport,2034,109.6508798165646,108.7002597445321
Baseline,Surface transport,2035,110.5490738596316,109.5917521569087
Baseline,Surface transport,2036,111.2731572105413,110.3101110253492
Baseline,Surface transport,2037,111.9906091671212,111.0217805303929
Baseline,Surface transport,2038,112.7063845390644,111.7317738054126
Baseline,Surface transport,2039,113.4333143211068,112.4528914011935
Baseline,Surface transport,2040,114.2757254416186,113.2888514509975
Baseline,Surface transport,2041,114.8428278716377,113.8512804513268
Baseline,Surface transport,2042,115.4380099916386,114.4415126556985
Baseline,Surface transport,2043,116.0360932476672,115.0346719372442
Baseline,Surface transport,2044,116.6574322285056,115.6508629938337
Baseline,Surface transport,2045,117.3743202759609,116.3622610770637
Baseline,Surface transport,2046,117.8151436831182,116.799307008373
Baseline,Surface transport,2047,118.2665715959598,117.2468468709047
Baseline,Surface transport,2048,118.7251294095391,117.7014198547936
Baseline,Surface transport,2049,119.1774184656776,118.1497855201905
Baseline,Surface transport,2050,119.7122761928777,118.6804121853646
Baseline,Waste,2025,25.64293361027526,8.28428585323163
Baseline,Waste,2026,25.97096136887633,8.847442024355239
Baseline,Waste,2027,25.85279507079073,8.943258913626597
Baseline,Waste,2028,25.79011185919562,9.034895937777327
Baseline,Waste,2029,25.77519853316149,9.133475238922285
Baseline,Waste,2030,25.73311689329802,9.22963265053321
Baseline,Waste,2031,25.71281951587665,9.320252503670641
Baseline,Waste,2032,25.72021349921737,9.409003211209615
Baseline,Waste,2033,25.73376366918272,9.496476745119294
Baseline,Waste,2034,25.78045083926419,9.583026892566528
Baseline,Waste,2035,25.83651914595469,9.66865148218322
Baseline,Waste,2036,25.90153162843574,9.753050498299864
Baseline,Waste,2037,25.97800497442953,9.833149700648036
Baseline,Waste,2038,26.06393756642382,9.914548349966473
Baseline,Waste,2039,26.16215427941693,9.997727084005883
Baseline,Waste,2040,26.25979515105152,10.07887271859693
Baseline,Waste,2041,26.37202899200841,10.17656251677572
Baseline,Waste,2042,26.47747771884559,10.27425231495455
Baseline,Waste,2043,26.49437041091504,10.28538346562508
Baseline,Waste,2044,26.69001773738651,10.46963191131213
Baseline,Waste,2045,26.79874785954565,10.56732170949093
Baseline,Waste,2046,26.90168965549708,10.6660921399732
Baseline,Waste,2047,27.01016863277358,10.76378193815203
Baseline,Waste,2048,27.11737552959013,10.86039110402734
Baseline,Waste,2049,27.22829481323577,10.95916153450961
Baseline,Waste,2050,27.31076882084037,11.0568513326884
